-- phpMyAdmin SQL Dump
-- version 4.5.4.1deb2ubuntu2
-- http://www.phpmyadmin.net
--
-- Host: localhost
-- Generation Time: May 01, 2017 at 08:13 AM
-- Server version: 5.7.18-0ubuntu0.16.04.1
-- PHP Version: 7.0.15-0ubuntu0.16.04.4

SET SQL_MODE = "NO_AUTO_VALUE_ON_ZERO";
SET time_zone = "+00:00";


/*!40101 SET @OLD_CHARACTER_SET_CLIENT=@@CHARACTER_SET_CLIENT */;
/*!40101 SET @OLD_CHARACTER_SET_RESULTS=@@CHARACTER_SET_RESULTS */;
/*!40101 SET @OLD_COLLATION_CONNECTION=@@COLLATION_CONNECTION */;
/*!40101 SET NAMES utf8mb4 */;

--
-- Database: `main`
--

-- --------------------------------------------------------

--
-- Table structure for table `chat_details`
--

CREATE TABLE `chat_details` (
  `chat_id` int(11) NOT NULL,
  `name` varchar(100) DEFAULT NULL,
  `is_group` tinyint(4) NOT NULL,
  `latest_msg` varchar(1000) DEFAULT NULL,
  `sender` int(11) DEFAULT NULL,
  `time_of_latest_msg` timestamp NULL DEFAULT NULL
) ENGINE=InnoDB DEFAULT CHARSET=latin1;

--
-- Dumping data for table `chat_details`
--

INSERT INTO `chat_details` (`chat_id`, `name`, `is_group`, `latest_msg`, `sender`, `time_of_latest_msg`) VALUES
(1, 'LOLL', 1, 'gg', 1, '2017-04-29 23:46:57'),
(2, 'BOB', 1, 'send him request', 1, '2017-04-29 22:16:19'),
(5, NULL, 0, NULL, NULL, NULL),
(6, NULL, 0, NULL, NULL, '2017-05-12 00:00:00'),
(7, NULL, 0, 'hhhhhj', 4, '2017-05-01 07:59:05'),
(8, NULL, 0, 'hrllo', 4, '2017-04-29 22:08:15'),
(10, NULL, 0, NULL, NULL, NULL),
(12, NULL, 0, 'hi', 4, '2017-05-01 06:41:14'),
(13, NULL, 0, NULL, NULL, NULL),
(15, NULL, 0, 'yo', 1, '2017-04-27 22:42:09'),
(16, NULL, 0, NULL, NULL, NULL),
(17, NULL, 0, 'lol', 1, '2017-04-27 19:29:51'),
(18, NULL, 0, 'hi', 4, '2017-04-29 23:56:02'),
(19, NULL, 0, NULL, NULL, NULL);

-- --------------------------------------------------------

--
-- Table structure for table `friends`
--

CREATE TABLE `friends` (
  `primary_key` int(11) NOT NULL,
  `user1` int(11) NOT NULL,
  `user2` int(11) NOT NULL,
  `chat_id` int(11) DEFAULT NULL
) ENGINE=InnoDB DEFAULT CHARSET=latin1;

--
-- Dumping data for table `friends`
--

INSERT INTO `friends` (`primary_key`, `user1`, `user2`, `chat_id`) VALUES
(1, 1, 2, 1),
(2, 1, 3, 14),
(3, 2, 1, 1),
(6, 3, 1, 14),
(7, 3, 2, NULL),
(8, 2, 3, NULL),
(9, 1, 4, 7),
(13, 4, 1, 7),
(14, 4, 5, 8),
(15, 5, 4, 8),
(16, 1, 5, 10),
(18, 5, 1, 10),
(20, 2, 4, 12),
(22, 4, 2, 12),
(23, 2, 5, 13),
(24, 5, 2, 13),
(26, 1, 19, 15),
(29, 19, 1, 15),
(30, 20, 1, 16),
(31, 1, 20, 16),
(32, 21, 1, 17),
(33, 1, 21, 17),
(34, 4, 21, NULL),
(35, 4, 19, NULL),
(36, 4, 20, NULL),
(37, 3, 4, 18),
(38, 4, 3, 18),
(39, 2, 20, NULL),
(40, 21, 20, 19),
(41, 20, 21, 19),
(42, 26, 22, NULL),
(43, 20, 26, NULL),
(44, 26, 2, NULL);

-- --------------------------------------------------------

--
-- Table structure for table `messages`
--

CREATE TABLE `messages` (
  `primary_key` int(11) NOT NULL,
  `chat_id` int(11) NOT NULL,
  `sender` int(11) NOT NULL,
  `message` varchar(1000) NOT NULL,
  `time_of_msg` timestamp NOT NULL DEFAULT CURRENT_TIMESTAMP
) ENGINE=InnoDB DEFAULT CHARSET=latin1;

--
-- Dumping data for table `messages`
--

INSERT INTO `messages` (`primary_key`, `chat_id`, `sender`, `message`, `time_of_msg`) VALUES
(1, 1, 1, 'Hi akhil!!', '2017-04-11 08:29:29'),
(2, 1, 2, 'Hello Bhavan!', '2017-04-11 08:34:20'),
(4, 1, 2, 'Gud morning Bhavan!', '2017-04-11 18:31:01'),
(5, 1, 2, 'Gud morning Bhavan!', '2017-04-11 21:47:06'),
(6, 1, 2, 'Gud morning Bhavan!', '2017-04-11 22:09:46'),
(7, 7, 4, 'I m ram -> Bhavan!', '2017-04-12 02:45:07'),
(8, 8, 4, 'Hi Lakshman!', '2017-04-12 15:03:04'),
(9, 1, 1, 'hi', '2017-04-20 01:30:06'),
(10, 1, 1, 'yo', '2017-04-20 01:35:19'),
(11, 1, 1, 'lol', '2017-04-20 01:56:01'),
(12, 1, 1, 'yo man', '2017-04-20 15:12:14'),
(13, 1, 1, 'lol', '2017-04-20 15:35:54'),
(14, 1, 1, 'yo lol', '2017-04-20 19:17:37'),
(15, 1, 1, 'yo lol', '2017-04-20 19:20:16'),
(16, 1, 1, 'qwert', '2017-04-20 19:41:31'),
(17, 1, 1, 'lol', '2017-04-20 19:42:48'),
(18, 1, 1, 'yo', '2017-04-20 19:48:47'),
(19, 1, 1, 'yo', '2017-04-21 04:33:22'),
(20, 1, 2, 'lol', '2017-04-21 08:33:20'),
(21, 1, 2, 'nope', '2017-04-21 08:33:35'),
(22, 1, 1, 'hi', '2017-04-21 08:44:20'),
(23, 1, 1, 'Hi ', '2017-04-22 10:23:59'),
(24, 1, 1, 'Hi ', '2017-04-22 10:26:56'),
(25, 1, 1, 'Hi ', '2017-04-22 10:28:38'),
(26, 1, 1, 'Hi ', '2017-04-22 10:31:17'),
(27, 1, 1, 'Hi ', '2017-04-22 10:36:20'),
(28, 1, 1, 'Hi ', '2017-04-22 10:42:01'),
(29, 1, 1, 'Hi ', '2017-04-22 10:44:47'),
(30, 1, 1, 'Hi ', '2017-04-22 10:47:22'),
(31, 1, 1, 'Hi ', '2017-04-22 10:53:23'),
(32, 1, 1, 'Hi ', '2017-04-22 10:53:27'),
(33, 1, 1, 'Hi ', '2017-04-22 10:53:30'),
(34, 1, 1, 'Hi ', '2017-04-23 06:45:35'),
(35, 1, 1, 'Hi ', '2017-04-23 06:46:03'),
(36, 1, 1, 'Hi ', '2017-04-23 06:46:13'),
(37, 1, 1, 'Hi ', '2017-04-23 07:04:49'),
(44, 1, 1, 'Hi ', '2017-04-23 07:21:08'),
(45, 1, 1, 'Hi ', '2017-04-23 07:24:34'),
(46, 1, 1, 'Hi ', '2017-04-23 07:25:55'),
(47, 1, 1, 'Hi ', '2017-04-23 07:26:54'),
(48, 1, 1, 'Hi ', '2017-04-23 07:27:05'),
(49, 1, 1, 'Hi ', '2017-04-23 07:27:28'),
(50, 1, 1, 'Hi ', '2017-04-23 07:27:41'),
(51, 1, 1, 'Hi ', '2017-04-23 07:27:57'),
(52, 1, 1, 'Hi ', '2017-04-23 07:28:02'),
(53, 1, 1, 'Hi ', '2017-04-23 07:28:13'),
(54, 1, 1, 'Hi ', '2017-04-23 07:29:48'),
(55, 1, 1, 'Hi ', '2017-04-23 07:29:56'),
(56, 1, 1, 'Hi ', '2017-04-23 07:30:05'),
(57, 1, 1, 'Hi ', '2017-04-23 07:52:57'),
(58, 1, 1, 'Hi ', '2017-04-23 07:53:35'),
(59, 1, 1, 'Hi ', '2017-04-23 07:53:44'),
(60, 1, 1, 'Hi ', '2017-04-23 07:54:09'),
(61, 1, 1, 'Hi ', '2017-04-23 07:55:11'),
(62, 1, 1, 'Hi ', '2017-04-23 07:55:25'),
(63, 1, 1, 'Hi ', '2017-04-23 07:55:28'),
(64, 1, 1, 'Hi ', '2017-04-23 07:55:31'),
(65, 1, 1, 'Hi ', '2017-04-23 07:55:34'),
(66, 1, 1, 'Hi ', '2017-04-23 07:55:55'),
(67, 1, 1, 'Hi ', '2017-04-23 07:56:00'),
(68, 1, 1, 'Hi ', '2017-04-23 07:56:05'),
(69, 1, 1, 'Hi ', '2017-04-23 07:56:09'),
(70, 1, 1, 'Hi ', '2017-04-23 07:56:12'),
(71, 1, 1, 'Hi ', '2017-04-23 07:56:20'),
(72, 1, 1, 'Hi ', '2017-04-23 07:56:23'),
(73, 1, 1, 'Hi ', '2017-04-23 07:56:37'),
(74, 1, 1, 'Hi ', '2017-04-23 07:56:40'),
(75, 1, 1, 'Hi ', '2017-04-23 07:56:43'),
(76, 1, 1, 'Hi ', '2017-04-23 07:56:49'),
(77, 1, 1, 'Hi ', '2017-04-23 07:56:52'),
(78, 1, 2, 'Hi ', '2017-04-23 08:12:29'),
(79, 1, 2, 'Hi ', '2017-04-23 08:16:34'),
(80, 1, 2, 'Hi ', '2017-04-23 08:16:57'),
(81, 1, 2, 'Hi ', '2017-04-23 08:17:27'),
(82, 1, 2, 'Hi ', '2017-04-23 08:17:40'),
(83, 1, 2, 'Hi ', '2017-04-23 08:17:51'),
(84, 1, 2, 'Hi ', '2017-04-23 08:17:59'),
(85, 1, 2, 'Hi ', '2017-04-23 08:18:36'),
(86, 1, 2, 'Hi ', '2017-04-23 08:26:34'),
(87, 1, 2, 'Hi ', '2017-04-23 08:28:29'),
(88, 1, 2, 'Hi ', '2017-04-23 08:43:46'),
(89, 1, 2, 'Hi ', '2017-04-23 08:46:16'),
(90, 1, 2, 'Hi ', '2017-04-23 08:49:18'),
(91, 1, 2, 'Hi ', '2017-04-23 08:50:14'),
(92, 1, 2, 'Hi ', '2017-04-23 08:50:21'),
(93, 1, 2, 'Hi ', '2017-04-23 08:50:50'),
(94, 1, 2, 'Heya ', '2017-04-25 11:12:28'),
(95, 1, 2, 'How I\'d ', '2017-04-25 11:12:42'),
(96, 1, 1, 'i.e. r u', '2017-04-25 11:12:54'),
(97, 1, 2, 'Akhil Orsu has been in now ', '2017-04-25 11:13:59'),
(98, 1, 2, 'Fv', '2017-04-25 11:16:10'),
(99, 1, 1, 'ggg', '2017-04-25 11:16:17'),
(100, 1, 1, 'yo', '2017-04-25 11:17:09'),
(101, 2, 2, 'Is it ', '2017-04-25 11:22:33'),
(102, 1, 2, 'I know ', '2017-04-25 11:23:14'),
(103, 1, 1, 'lol', '2017-04-25 11:24:10'),
(104, 15, 1, 'yo', '2017-04-27 14:52:07'),
(105, 15, 1, 'lol', '2017-04-27 14:54:01'),
(106, 15, 1, 'g', '2017-04-27 14:55:05'),
(107, 0, 1, 'yo', '2017-04-27 19:23:01'),
(108, 0, 1, 'ghh', '2017-04-27 19:23:31'),
(109, 17, 1, 'uuu', '2017-04-27 19:24:45'),
(110, 17, 1, 'yo', '2017-04-27 19:28:18'),
(111, 17, 1, 'lol', '2017-04-27 19:29:02'),
(112, 17, 1, 'kk', '2017-04-27 19:29:10'),
(113, 17, 1, 'lol', '2017-04-27 19:29:51'),
(114, 1, 2, 'Hi Bhavan ', '2017-04-27 20:56:18'),
(115, 1, 1, 'hbbhlol', '2017-04-27 21:01:52'),
(116, 1, 1, 'yo', '2017-04-27 21:59:33'),
(117, 2, 1, 'wow', '2017-04-27 22:10:18'),
(118, 2, 1, 'vbbn', '2017-04-27 22:20:04'),
(119, 15, 1, 'yo', '2017-04-27 22:42:09'),
(120, 1, 1, 'Hi Akhil orsu ', '2017-04-27 23:36:09'),
(121, 1, 1, 'Hey Bhavan ', '2017-04-28 00:14:08'),
(122, 1, 2, 'Hey Bhavan ', '2017-04-28 00:18:00'),
(123, 1, 2, 'Hey Bhavan ', '2017-04-28 00:19:41'),
(124, 1, 2, 'Hey Bhavan ', '2017-04-28 00:21:37'),
(125, 1, 2, 'Hey Bhavan ', '2017-04-28 00:27:14'),
(126, 1, 2, 'Hey Bhavan ', '2017-04-28 00:27:33'),
(127, 1, 2, 'Hey Bhavan ', '2017-04-28 00:28:25'),
(128, 1, 2, 'Hey Bhavan ', '2017-04-28 00:28:33'),
(129, 1, 2, 'Hey Bhavan ', '2017-04-28 00:28:43'),
(130, 1, 2, 'Hey Bhavanlol', '2017-04-28 00:29:20'),
(131, 1, 2, 'Hey Bhavan ', '2017-04-28 00:31:31'),
(132, 1, 2, 'Hey Bhavan ', '2017-04-28 00:31:39'),
(133, 1, 2, 'Hey Bhavan ', '2017-04-28 00:32:54'),
(134, 1, 2, 'Hey Bhavan ', '2017-04-28 00:33:27'),
(135, 1, 2, 'Hey Bhavan ', '2017-04-28 00:36:32'),
(136, 1, 2, 'Hey Bhavan ', '2017-04-28 00:36:39'),
(137, 1, 2, 'Hey Bhavan ', '2017-04-28 00:36:44'),
(138, 1, 2, 'Hey Bhavan ', '2017-04-28 00:36:55'),
(139, 1, 2, 'Hey Bhavan ', '2017-04-28 00:40:43'),
(140, 1, 2, 'Hey Bhavan ', '2017-04-28 00:40:53'),
(141, 1, 2, 'Hey Bhavan ', '2017-04-28 00:46:46'),
(142, 1, 2, 'Hey Bhavan ', '2017-04-28 00:47:28'),
(143, 1, 1, 'yo', '2017-04-28 00:48:41'),
(144, 1, 1, 'lol', '2017-04-28 00:48:52'),
(145, 1, 2, 'Hey Bhavan ', '2017-04-28 00:49:03'),
(146, 1, 1, 'k', '2017-04-28 00:49:19'),
(147, 1, 2, 'Hey Bhavan ', '2017-04-28 00:49:35'),
(148, 1, 2, 'Hey Bhavan ', '2017-04-28 00:49:43'),
(149, 1, 2, 'Hey Bhavan ', '2017-04-28 00:49:48'),
(150, 1, 2, 'Hey Bhavan ', '2017-04-28 00:49:58'),
(151, 1, 1, 'lol', '2017-04-28 00:50:05'),
(152, 1, 2, 'Hey Bhavan ', '2017-04-29 06:36:19'),
(153, 1, 2, 'Hey Bhavan ', '2017-04-29 06:39:46'),
(154, 1, 2, 'Hey Bhavan ', '2017-04-29 06:40:15'),
(155, 1, 1, 'lol', '2017-04-29 08:44:37'),
(156, 1, 2, 'hi\n', '2017-04-29 08:44:42'),
(157, 1, 1, 'lol', '2017-04-29 08:44:46'),
(158, 1, 1, 'yo', '2017-04-29 08:44:51'),
(159, 1, 1, 'yo', '2017-04-29 08:52:51'),
(160, 1, 1, 'lol', '2017-04-29 08:54:52'),
(161, 1, 1, 'Hi lakshman...reached h4?', '2017-04-29 08:55:27'),
(162, 2, 1, 'yo', '2017-04-29 09:22:33'),
(163, 1, 2, 'How\'s everything going on ', '2017-04-29 10:10:14'),
(164, 1, 2, 'Type something man ', '2017-04-29 10:10:22'),
(165, 1, 1, 'yeah', '2017-04-29 10:10:36'),
(166, 1, 1, 'fine', '2017-04-29 10:10:39'),
(167, 1, 2, 'Working well ', '2017-04-29 10:10:58'),
(168, 1, 1, 'kk', '2017-04-29 10:11:04'),
(169, 1, 2, 'Haha working well disappeared ', '2017-04-29 10:11:17'),
(170, 1, 1, 'you got it', '2017-04-29 10:11:21'),
(171, 1, 2, 'Type something ', '2017-04-29 10:11:23'),
(172, 1, 1, 'lol', '2017-04-29 10:11:29'),
(173, 1, 2, 'Yes we need to figure out this ', '2017-04-29 10:11:37'),
(174, 1, 1, 'I m sending now', '2017-04-29 10:11:49'),
(175, 1, 1, 'lol', '2017-04-29 10:11:55'),
(176, 1, 1, 'll', '2017-04-29 10:12:01'),
(177, 1, 2, 'Well I\'ll try something ', '2017-04-29 10:12:31'),
(178, 1, 1, 'kk', '2017-04-29 10:12:36'),
(179, 1, 2, 'Using both sockets? ', '2017-04-29 10:12:55'),
(180, 1, 2, 'Or only one', '2017-04-29 10:12:58'),
(181, 1, 1, 'like the msg u typed is disappearing right?', '2017-04-29 10:13:26'),
(182, 1, 2, 'Yes ', '2017-04-29 10:13:34'),
(183, 1, 1, 'kk', '2017-04-29 10:13:45'),
(184, 1, 2, 'But on pressing refresh it re appearing ', '2017-04-29 10:13:52'),
(185, 1, 2, 'At the top ', '2017-04-29 10:14:07'),
(186, 1, 1, 'one for bacground other in frontend', '2017-04-29 10:14:14'),
(187, 1, 1, 'it\'s because it\'s going well on server side..may be in andoid some error', '2017-04-29 10:17:30'),
(188, 2, 2, 'Why kattapa killed Bahubali ', '2017-04-29 10:17:55'),
(189, 2, 2, 'Guru', '2017-04-29 10:18:00'),
(190, 1, 2, 'Oh i see ', '2017-04-29 10:18:51'),
(191, 1, 2, 'Wkkb ', '2017-04-29 10:18:55'),
(192, 2, 1, 'who is the wife of bhallaladeva', '2017-04-29 10:19:02'),
(193, 2, 2, 'You', '2017-04-29 10:19:08'),
(194, 2, 1, 'lol', '2017-04-29 10:19:16'),
(195, 2, 2, 'Guru', '2017-04-29 10:19:18'),
(196, 2, 2, 'You Gutu', '2017-04-29 10:19:25'),
(197, 2, 1, 'guru', '2017-04-29 10:19:27'),
(198, 2, 2, 'Guru', '2017-04-29 10:19:29'),
(199, 2, 2, 'Vacchai', '2017-04-29 10:19:33'),
(200, 2, 2, 'Lab lo', '2017-04-29 10:19:36'),
(201, 2, 1, 'kk', '2017-04-29 10:19:43'),
(202, 2, 1, 'I will come in 15 min', '2017-04-29 10:19:59'),
(203, 2, 1, 'raana..?', '2017-04-29 10:20:42'),
(204, 2, 1, 'yo man', '2017-04-29 10:21:54'),
(205, 2, 2, 'Nope ', '2017-04-29 10:23:57'),
(206, 2, 1, 'kk', '2017-04-29 10:24:15'),
(207, 2, 2, 'Don\'t come ', '2017-04-29 10:24:17'),
(208, 2, 2, 'Today\'s Saturday ', '2017-04-29 10:24:25'),
(209, 2, 1, 'I m getting sleep any way', '2017-04-29 10:24:32'),
(210, 2, 2, 'Ok ', '2017-04-29 10:24:51'),
(211, 2, 2, 'DLD gone ', '2017-04-29 10:25:06'),
(212, 2, 2, 'These two days they don\'t open the lab ', '2017-04-29 10:25:19'),
(213, 2, 1, 'wtf', '2017-04-29 10:25:30'),
(214, 2, 1, 'why', '2017-04-29 10:25:36'),
(215, 2, 2, 'Saturday and Sunday holidays bro ', '2017-04-29 10:25:43'),
(216, 2, 1, 'lol', '2017-04-29 10:25:47'),
(217, 2, 1, 'why these r crucial 2 days!!', '2017-04-29 10:26:13'),
(218, 2, 1, 'you r there', '2017-04-29 10:26:35'),
(219, 2, 2, 'Each message is appearing twice ', '2017-04-29 10:26:36'),
(220, 2, 2, 'None ', '2017-04-29 10:26:40'),
(221, 2, 2, 'We\'re in Ssl lab ', '2017-04-29 10:26:47'),
(222, 2, 1, 'kk remember all these errors', '2017-04-29 10:27:11'),
(223, 2, 1, 'Oh..', '2017-04-29 10:27:41'),
(224, 2, 1, 'u got the board?', '2017-04-29 10:29:35'),
(225, 2, 1, 'running bro', '2017-04-29 22:01:17'),
(226, 2, 1, 'yo', '2017-04-29 22:04:39'),
(227, 2, 2, 'What running? ', '2017-04-29 22:05:08'),
(228, 2, 1, 'what', '2017-04-29 22:05:16'),
(229, 2, 2, 'hi', '2017-04-29 22:05:17'),
(230, 2, 2, 'Yes ', '2017-04-29 22:05:21'),
(231, 2, 2, 'what\'s up', '2017-04-29 22:05:27'),
(232, 2, 1, 'ntg', '2017-04-29 22:05:35'),
(233, 2, 2, 'Ram and me both are chatting ', '2017-04-29 22:05:46'),
(234, 2, 2, 'From different sockets ', '2017-04-29 22:05:52'),
(235, 2, 2, 'Working ', '2017-04-29 22:05:54'),
(236, 2, 1, 'I see', '2017-04-29 22:06:00'),
(237, 2, 2, 'inkoka user ID and password', '2017-04-29 22:06:19'),
(238, 2, 2, 'Messages appearing twice ', '2017-04-29 22:06:36'),
(239, 2, 1, 'remo,ram@157', '2017-04-29 22:06:58'),
(240, 2, 2, 'Bro no log out ', '2017-04-29 22:07:22'),
(241, 2, 1, 'Yeah after refresh kada', '2017-04-29 22:07:24'),
(242, 2, 1, 'logout in chatlist', '2017-04-29 22:07:39'),
(243, 7, 4, 'hi', '2017-04-29 22:08:03'),
(244, 2, 2, 'Add ram and me', '2017-04-29 22:08:03'),
(245, 2, 2, 'No chat ', '2017-04-29 22:08:09'),
(246, 8, 4, 'hrllo', '2017-04-29 22:08:15'),
(247, 2, 2, 'No add people ', '2017-04-29 22:08:15'),
(248, 7, 1, 'hi', '2017-04-29 22:09:54'),
(249, 7, 1, 'whatsup', '2017-04-29 22:09:58'),
(250, 1, 1, 'hi', '2017-04-29 22:12:37'),
(251, 1, 1, 'lol', '2017-04-29 22:12:52'),
(252, 2, 1, 'Yeah..to what', '2017-04-29 22:15:43'),
(253, 2, 1, 'search for ram in search people', '2017-04-29 22:16:09'),
(254, 2, 1, 'send him request', '2017-04-29 22:16:19'),
(255, 7, 1, 'hi', '2017-04-29 23:32:20'),
(256, 7, 4, 'hi', '2017-04-29 23:32:23'),
(257, 7, 1, 'lol', '2017-04-29 23:32:27'),
(258, 7, 4, 'hi', '2017-04-29 23:32:35'),
(259, 7, 1, 'lol', '2017-04-29 23:32:49'),
(260, 7, 4, 'hi', '2017-04-29 23:32:55'),
(261, 7, 4, 'hi', '2017-04-29 23:33:03'),
(262, 7, 4, 'dffg', '2017-04-29 23:34:33'),
(263, 7, 1, 'hi', '2017-04-29 23:34:43'),
(264, 7, 1, 'yo', '2017-04-29 23:34:45'),
(265, 7, 1, 'cheppu', '2017-04-29 23:34:50'),
(266, 7, 1, 'lol', '2017-04-29 23:35:59'),
(267, 7, 1, 'yo', '2017-04-29 23:38:41'),
(268, 7, 4, 'yo', '2017-04-29 23:38:52'),
(269, 7, 1, 'run', '2017-04-29 23:39:02'),
(270, 7, 1, 'wwb', '2017-04-29 23:39:24'),
(271, 7, 1, 'lol', '2017-04-29 23:39:36'),
(272, 7, 1, 'who is the wife of bhallaladeva? ', '2017-04-29 23:39:59'),
(273, 1, 1, 'gg', '2017-04-29 23:46:57'),
(274, 7, 1, 'why r u refreshing so many times?', '2017-04-29 23:49:14'),
(275, 7, 1, 'open finest ratios once', '2017-04-29 23:54:16'),
(276, 7, 1, 'dinesh rathod*', '2017-04-29 23:54:28'),
(277, 18, 4, 'hi', '2017-04-29 23:56:02'),
(278, 7, 4, 'Hey Bhavan ', '2017-04-30 14:14:53'),
(279, 7, 1, ' hi', '2017-04-30 14:16:09'),
(280, 7, 4, 'Hey Bhavan ', '2017-04-30 14:16:17'),
(281, 7, 1, 'lol', '2017-04-30 14:16:31'),
(282, 7, 4, 'Hey Bhavan ', '2017-04-30 14:16:37'),
(283, 7, 4, 'Hey Bhavan ', '2017-04-30 14:17:15'),
(284, 7, 4, 'Hey Bhavan ', '2017-04-30 14:17:20'),
(285, 7, 1, 'lol', '2017-04-30 14:24:42'),
(286, 7, 4, 'Hey Bhavan ', '2017-04-30 14:24:59'),
(287, 7, 1, 'yo', '2017-04-30 14:25:23'),
(288, 7, 1, 'kkh', '2017-04-30 14:25:29'),
(289, 7, 4, 'Hey Bhavan ', '2017-04-30 14:25:32'),
(290, 7, 1, 'm', '2017-04-30 14:27:19'),
(291, 7, 4, 'Hey Bhavan ', '2017-04-30 14:30:37'),
(292, 7, 1, 'ljh', '2017-04-30 14:30:43'),
(293, 7, 1, 'hh', '2017-04-30 14:30:46'),
(294, 7, 4, 'Hey Bhavan ', '2017-04-30 14:30:47'),
(295, 7, 1, 'bbb', '2017-04-30 14:30:59'),
(296, 7, 1, 'yo', '2017-04-30 14:35:27'),
(297, 7, 4, 'Hey Bhavan ', '2017-04-30 14:35:40'),
(298, 7, 1, 'uhhj', '2017-04-30 14:35:50'),
(299, 7, 1, 'iii', '2017-04-30 14:35:52'),
(300, 7, 4, 'Hey Bhavan ', '2017-04-30 14:35:53'),
(301, 7, 4, 'Hey Bhavan ', '2017-04-30 14:35:59'),
(302, 7, 1, 'yo', '2017-04-30 14:36:00'),
(303, 12, 2, 'Hey buddy\'s ', '2017-05-01 06:39:24'),
(304, 12, 4, 'hi', '2017-05-01 06:39:36'),
(305, 12, 4, 'hi', '2017-05-01 06:41:14'),
(306, 7, 4, 'hi', '2017-05-01 06:41:42'),
(307, 7, 1, 'Hey guys ', '2017-05-01 06:41:48'),
(308, 7, 4, 'ho', '2017-05-01 06:41:58'),
(309, 7, 1, 'Who cares ', '2017-05-01 06:42:09'),
(310, 7, 4, 'jdjdkdkd', '2017-05-01 06:43:40'),
(311, 7, 4, 'gu', '2017-05-01 06:43:52'),
(312, 0, 20, 'Hey vamsi', '2017-05-01 06:51:24'),
(313, 7, 1, 'lol', '2017-05-01 06:57:32'),
(314, 7, 4, 'Hey Bhavan ', '2017-05-01 06:57:45'),
(315, 7, 1, 'lo', '2017-05-01 06:57:50'),
(316, 7, 1, 'nhf', '2017-05-01 06:57:53'),
(317, 7, 4, 'Hey Bhavan ', '2017-05-01 06:57:57'),
(318, 7, 1, 'jjhffd', '2017-05-01 06:58:00'),
(319, 7, 4, 'hi', '2017-05-01 07:48:48'),
(320, 7, 4, 'ram', '2017-05-01 07:49:27'),
(321, 7, 4, 'ggg', '2017-05-01 07:49:34'),
(322, 7, 1, 'gghh', '2017-05-01 07:49:43'),
(323, 7, 4, 'rffg', '2017-05-01 07:49:49'),
(324, 7, 1, 'ghhyuu', '2017-05-01 07:50:12'),
(325, 7, 4, 'fgtg', '2017-05-01 07:50:18'),
(326, 7, 4, 'ggg', '2017-05-01 07:50:31'),
(327, 7, 1, 'ertg', '2017-05-01 07:50:40'),
(328, 7, 4, 'lol', '2017-05-01 07:55:09'),
(329, 7, 4, 'yo', '2017-05-01 07:55:25'),
(330, 7, 4, 'll', '2017-05-01 07:55:32'),
(331, 7, 1, 'cc', '2017-05-01 07:55:35'),
(332, 7, 1, 'hbvv', '2017-05-01 07:55:44'),
(333, 7, 4, 'cvgghhhfcfjjjkbbgg', '2017-05-01 07:56:09'),
(334, 7, 4, 'gggfdsd', '2017-05-01 07:56:33'),
(335, 7, 4, 'hhgggg', '2017-05-01 07:58:51'),
(336, 7, 1, 'Fed ', '2017-05-01 07:58:57'),
(337, 7, 1, 'ghhhh', '2017-05-01 07:59:04'),
(338, 7, 4, 'hhhhhj', '2017-05-01 07:59:05');

-- --------------------------------------------------------

--
-- Table structure for table `user_chatid_relations`
--

CREATE TABLE `user_chatid_relations` (
  `primary_key` int(11) NOT NULL,
  `id` int(11) NOT NULL,
  `chatid` int(11) NOT NULL
) ENGINE=InnoDB DEFAULT CHARSET=latin1;

--
-- Dumping data for table `user_chatid_relations`
--

INSERT INTO `user_chatid_relations` (`primary_key`, `id`, `chatid`) VALUES
(1, 1, 1),
(3, 1, 2),
(7, 1, 7),
(11, 1, 10),
(16, 1, 14),
(19, 1, 15),
(20, 1, 16),
(22, 1, 17),
(2, 2, 1),
(4, 2, 2),
(13, 2, 12),
(15, 2, 13),
(5, 3, 2),
(17, 3, 14),
(25, 3, 18),
(6, 4, 7),
(9, 4, 8),
(12, 4, 12),
(24, 4, 18),
(8, 5, 8),
(10, 5, 10),
(14, 5, 13),
(18, 19, 15),
(21, 20, 16),
(26, 20, 19),
(23, 21, 17),
(27, 21, 19);

-- --------------------------------------------------------

--
-- Table structure for table `user_details`
--

CREATE TABLE `user_details` (
  `id` int(11) NOT NULL,
  `firstname` varchar(200) NOT NULL,
  `lastname` varchar(200) NOT NULL,
  `age` int(11) NOT NULL,
  `username` varchar(200) NOT NULL,
  `password` varchar(200) NOT NULL,
  `lastseen` timestamp NOT NULL DEFAULT CURRENT_TIMESTAMP
) ENGINE=InnoDB DEFAULT CHARSET=latin1;

--
-- Dumping data for table `user_details`
--

INSERT INTO `user_details` (`id`, `firstname`, `lastname`, `age`, `username`, `password`, `lastseen`) VALUES
(1, 'bhavan', 'turaka', 18, 'bhavan21', 'bhavan', '2017-04-11 05:16:30'),
(2, 'akhil', 'orsu', 18, 'akhil01', 'akhil', '2017-04-11 08:19:03'),
(3, 'Dinesh', 'rathod', 18, '7rathod7', 'hajiwon', '2017-04-11 18:51:57'),
(4, 'Ram Pratap', 'Kalidindi', 18, 'remo', 'ram@157', '2017-04-12 00:56:03'),
(5, 'Lakshman', 'Kalidindi', 19, 'lakshman', 'lakshman@157', '2017-04-12 14:48:09'),
(19, 'Joshi', 'Kosuri', 19, 'joshi', 'joshi', '2017-04-13 07:51:20'),
(20, 'Anirudh', 'Reddy', 19, 'anirudh', 'anirudh', '2017-04-27 15:16:08'),
(21, 'Vamsi', 'Bedapudi', 18, 'vamsi', 'vamsi', '2017-04-27 19:19:26'),
(22, 'Akhil ', 'Dimpy ', 19, 'ak97', 'password', '2017-05-01 06:38:44'),
(25, 'lakshman', 'kalidindi', 19, 'ney', 'neymat', '2017-05-01 06:50:59'),
(26, 'pradeep', 'kalidindi', 19, 'pradeep', 'ney', '2017-05-01 06:51:47');

--
-- Indexes for dumped tables
--

--
-- Indexes for table `chat_details`
--
ALTER TABLE `chat_details`
  ADD PRIMARY KEY (`chat_id`);

--
-- Indexes for table `friends`
--
ALTER TABLE `friends`
  ADD PRIMARY KEY (`primary_key`),
  ADD UNIQUE KEY `UC_Person` (`user1`,`user2`);

--
-- Indexes for table `messages`
--
ALTER TABLE `messages`
  ADD PRIMARY KEY (`primary_key`);

--
-- Indexes for table `user_chatid_relations`
--
ALTER TABLE `user_chatid_relations`
  ADD PRIMARY KEY (`primary_key`),
  ADD UNIQUE KEY `UC_Person` (`id`,`chatid`);

--
-- Indexes for table `user_details`
--
ALTER TABLE `user_details`
  ADD PRIMARY KEY (`id`),
  ADD UNIQUE KEY `USERNAME` (`username`);

--
-- AUTO_INCREMENT for dumped tables
--

--
-- AUTO_INCREMENT for table `chat_details`
--
ALTER TABLE `chat_details`
  MODIFY `chat_id` int(11) NOT NULL AUTO_INCREMENT, AUTO_INCREMENT=20;
--
-- AUTO_INCREMENT for table `friends`
--
ALTER TABLE `friends`
  MODIFY `primary_key` int(11) NOT NULL AUTO_INCREMENT, AUTO_INCREMENT=45;
--
-- AUTO_INCREMENT for table `messages`
--
ALTER TABLE `messages`
  MODIFY `primary_key` int(11) NOT NULL AUTO_INCREMENT, AUTO_INCREMENT=339;
--
-- AUTO_INCREMENT for table `user_chatid_relations`
--
ALTER TABLE `user_chatid_relations`
  MODIFY `primary_key` int(11) NOT NULL AUTO_INCREMENT, AUTO_INCREMENT=28;
--
-- AUTO_INCREMENT for table `user_details`
--
ALTER TABLE `user_details`
  MODIFY `id` int(11) NOT NULL AUTO_INCREMENT, AUTO_INCREMENT=27;
/*!40101 SET CHARACTER_SET_CLIENT=@OLD_CHARACTER_SET_CLIENT */;
/*!40101 SET CHARACTER_SET_RESULTS=@OLD_CHARACTER_SET_RESULTS */;
/*!40101 SET COLLATION_CONNECTION=@OLD_COLLATION_CONNECTION */;
